<?xml version="1.0" encoding="UTF-8"?>
<con:soapui-project id="17e7edbc-27b2-4227-aa95-5c71d29bdbc0" activeEnvironment="Default" name="Consulta" resourceRoot="" soapui-version="5.8.0" xmlns:con="http://eviware.com/soapui/config"><con:settings/><con:interface xsi:type="con:WsdlInterface" id="aa8847d8-1951-47f7-9999-6438c568d380" wsaVersion="NONE" name="ConsultaWSImplServiceSoapBinding" type="wsdl" bindingName="{http://servicecrm.example.com/}ConsultaWSImplServiceSoapBinding" soapVersion="1_1" anonymous="optional" definition="http://localhost:8080/ServiceCRM-1.0-SNAPSHOT/ConsultaWSImpl?wsdl" xmlns:xsi="http://www.w3.org/2001/XMLSchema-instance"><con:settings/><con:definitionCache type="TEXT" rootPart="http://localhost:8080/ServiceCRM-1.0-SNAPSHOT/ConsultaWSImpl?wsdl"><con:part><con:url>http://localhost:8080/ServiceCRM-1.0-SNAPSHOT/ConsultaWSImpl?wsdl</con:url><con:content><![CDATA[<wsdl:definitions name="ConsultaWSImplService" targetNamespace="http://servicecrm.example.com/" xmlns:xsd="http://www.w3.org/2001/XMLSchema" xmlns:wsdl="http://schemas.xmlsoap.org/wsdl/" xmlns:tns="http://servicecrm.example.com/" xmlns:soap="http://schemas.xmlsoap.org/wsdl/soap/" xmlns:ns2="http://schemas.xmlsoap.org/soap/http" xmlns:ns1="http://interfaces.servicecrm.example.com/">
  <wsdl:import location="http://localhost:8080/ServiceCRM-1.0-SNAPSHOT/ConsultaWSImpl?wsdl=ConsultaWS.wsdl" namespace="http://interfaces.servicecrm.example.com/"></wsdl:import>
  <wsdl:binding name="ConsultaWSImplServiceSoapBinding" type="ns1:ConsultaWS">
    <soap:binding style="document" transport="http://schemas.xmlsoap.org/soap/http"/>
    <wsdl:operation name="agendarConsulta">
      <soap:operation soapAction="" style="document"/>
      <wsdl:input name="agendarConsulta">
        <soap:body use="literal"/>
      </wsdl:input>
      <wsdl:output name="agendarConsultaResponse">
        <soap:body use="literal"/>
      </wsdl:output>
      <wsdl:fault name="Exception">
        <soap:fault name="Exception" use="literal"/>
      </wsdl:fault>
    </wsdl:operation>
    <wsdl:operation name="cancelarConsulta">
      <soap:operation soapAction="" style="document"/>
      <wsdl:input name="cancelarConsulta">
        <soap:body use="literal"/>
      </wsdl:input>
      <wsdl:output name="cancelarConsultaResponse">
        <soap:body use="literal"/>
      </wsdl:output>
      <wsdl:fault name="Exception">
        <soap:fault name="Exception" use="literal"/>
      </wsdl:fault>
    </wsdl:operation>
  </wsdl:binding>
  <wsdl:service name="ConsultaWSImplService">
    <wsdl:port binding="tns:ConsultaWSImplServiceSoapBinding" name="ConsultaWSImplPort">
      <soap:address location="http://localhost:8080/ServiceCRM-1.0-SNAPSHOT/ConsultaWSImpl"/>
    </wsdl:port>
  </wsdl:service>
</wsdl:definitions>]]></con:content><con:type>http://schemas.xmlsoap.org/wsdl/</con:type></con:part><con:part><con:url>http://localhost:8080/ServiceCRM-1.0-SNAPSHOT/ConsultaWSImpl?wsdl=ConsultaWS.wsdl</con:url><con:content><![CDATA[<wsdl:definitions name="ConsultaWS" targetNamespace="http://interfaces.servicecrm.example.com/" xmlns:xsd="http://www.w3.org/2001/XMLSchema" xmlns:wsdl="http://schemas.xmlsoap.org/wsdl/" xmlns:ns1="http://interfaces.servicecrm.example.com/">
  <wsdl:types>
    <xs:schema attributeFormDefault="unqualified" elementFormDefault="unqualified" targetNamespace="http://interfaces.servicecrm.example.com/" version="1.0" xmlns:xs="http://www.w3.org/2001/XMLSchema" xmlns:tns="http://interfaces.servicecrm.example.com/">
      <xs:element name="agendarConsulta" type="tns:agendarConsulta"/>
      <xs:element name="agendarConsultaResponse" type="tns:agendarConsultaResponse"/>
      <xs:element name="cancelarConsulta" type="tns:cancelarConsulta"/>
      <xs:element name="cancelarConsultaResponse" type="tns:cancelarConsultaResponse"/>
      <xs:element name="consultaAgendamentoDTO" type="tns:consultaAgendamentoDTO"/>
      <xs:complexType name="agendarConsulta">
        <xs:sequence>
          <xs:element minOccurs="0" name="arg0" type="tns:consultaAgendamentoDTO"/>
        </xs:sequence>
      </xs:complexType>
      <xs:complexType name="consultaAgendamentoDTO">
        <xs:sequence>
          <xs:element minOccurs="0" name="pacienteId" type="xs:int"/>
          <xs:element minOccurs="0" name="medicoId" type="xs:int"/>
          <xs:element minOccurs="0" name="dataHora" type="xs:string"/>
          <xs:element minOccurs="0" name="motivo" type="xs:string"/>
        </xs:sequence>
      </xs:complexType>
      <xs:complexType name="agendarConsultaResponse">
        <xs:sequence/>
      </xs:complexType>
      <xs:complexType name="cancelarConsulta">
        <xs:sequence>
          <xs:element minOccurs="0" name="arg0" type="tns:consultaCancelamentoDTO"/>
        </xs:sequence>
      </xs:complexType>
      <xs:complexType name="consultaCancelamentoDTO">
        <xs:sequence>
          <xs:element minOccurs="0" name="id" type="xs:int"/>
          <xs:element minOccurs="0" name="motivoCancelamento" type="xs:string"/>
        </xs:sequence>
      </xs:complexType>
      <xs:complexType name="cancelarConsultaResponse">
        <xs:sequence/>
      </xs:complexType>
      <xs:element name="Exception" type="tns:Exception"/>
      <xs:complexType name="Exception">
        <xs:sequence>
          <xs:element minOccurs="0" name="message" type="xs:string"/>
        </xs:sequence>
      </xs:complexType>
    </xs:schema>
  </wsdl:types>
  <wsdl:message name="cancelarConsultaResponse">
    <wsdl:part element="ns1:cancelarConsultaResponse" name="parameters"></wsdl:part>
  </wsdl:message>
  <wsdl:message name="agendarConsulta">
    <wsdl:part element="ns1:agendarConsulta" name="parameters"></wsdl:part>
  </wsdl:message>
  <wsdl:message name="cancelarConsulta">
    <wsdl:part element="ns1:cancelarConsulta" name="parameters"></wsdl:part>
  </wsdl:message>
  <wsdl:message name="agendarConsultaResponse">
    <wsdl:part element="ns1:agendarConsultaResponse" name="parameters"></wsdl:part>
  </wsdl:message>
  <wsdl:message name="Exception">
    <wsdl:part element="ns1:Exception" name="Exception"></wsdl:part>
  </wsdl:message>
  <wsdl:portType name="ConsultaWS">
    <wsdl:operation name="agendarConsulta">
      <wsdl:input message="ns1:agendarConsulta" name="agendarConsulta"></wsdl:input>
      <wsdl:output message="ns1:agendarConsultaResponse" name="agendarConsultaResponse"></wsdl:output>
      <wsdl:fault message="ns1:Exception" name="Exception"></wsdl:fault>
    </wsdl:operation>
    <wsdl:operation name="cancelarConsulta">
      <wsdl:input message="ns1:cancelarConsulta" name="cancelarConsulta"></wsdl:input>
      <wsdl:output message="ns1:cancelarConsultaResponse" name="cancelarConsultaResponse"></wsdl:output>
      <wsdl:fault message="ns1:Exception" name="Exception"></wsdl:fault>
    </wsdl:operation>
  </wsdl:portType>
</wsdl:definitions>]]></con:content><con:type>http://schemas.xmlsoap.org/wsdl/</con:type></con:part></con:definitionCache><con:endpoints><con:endpoint>http://localhost:8080/ServiceCRM-1.0-SNAPSHOT/ConsultaWSImpl</con:endpoint></con:endpoints><con:operation id="d2297b40-a394-4d6b-973c-7b460fbb545b" isOneWay="false" action="" name="agendarConsulta" bindingOperationName="agendarConsulta" type="Request-Response" outputName="agendarConsultaResponse" inputName="agendarConsulta" receivesAttachments="false" sendsAttachments="false" anonymous="optional"><con:settings/><con:call id="f20cd7bc-a458-44d9-a9a6-dc7a96fa2417" name="Request 1"><con:settings/><con:encoding>UTF-8</con:encoding><con:endpoint>http://localhost:8080/ServiceCRM-1.0-SNAPSHOT/ConsultaWSImpl</con:endpoint><con:request><![CDATA[<soapenv:Envelope xmlns:soapenv="http://schemas.xmlsoap.org/soap/envelope/" xmlns:int="http://interfaces.servicecrm.example.com/">\r
   <soapenv:Header/>\r
   <soapenv:Body>\r
      <int:agendarConsulta>\r
         <!--Optional:-->\r
         <arg0>\r
            <!--Optional:-->\r
            <pacienteId>?</pacienteId>\r
            <!--Optional:-->\r
            <medicoId>?</medicoId>\r
            <!--Optional:-->\r
            <dataHora>?</dataHora>\r
            <!--Optional:-->\r
            <motivo>?</motivo>\r
         </arg0>\r
      </int:agendarConsulta>\r
   </soapenv:Body>\r
</soapenv:Envelope>]]></con:request><con:wsaConfig mustUnderstand="NONE" version="200508" action="http://servicecrm.example.com/ConsultaWS/agendarConsulta"/></con:call></con:operation><con:operation id="4a5bb321-1e33-4083-b03a-04e5b254e200" isOneWay="false" action="" name="cancelarConsulta" bindingOperationName="cancelarConsulta" type="Request-Response" outputName="cancelarConsultaResponse" inputName="cancelarConsulta" receivesAttachments="false" sendsAttachments="false" anonymous="optional"><con:settings/><con:call id="9ebf630d-1fde-4fad-8b18-4852e4300c6a" name="Request 1"><con:settings/><con:encoding>UTF-8</con:encoding><con:endpoint>http://localhost:8080/ServiceCRM-1.0-SNAPSHOT/ConsultaWSImpl</con:endpoint><con:request><![CDATA[<soapenv:Envelope xmlns:soapenv="http://schemas.xmlsoap.org/soap/envelope/" xmlns:int="http://interfaces.servicecrm.example.com/">\r
   <soapenv:Header/>\r
   <soapenv:Body>\r
      <int:cancelarConsulta>\r
         <!--Optional:-->\r
         <arg0>\r
            <!--Optional:-->\r
            <id>?</id>\r
            <!--Optional:-->\r
            <motivoCancelamento>?</motivoCancelamento>\r
         </arg0>\r
      </int:cancelarConsulta>\r
   </soapenv:Body>\r
</soapenv:Envelope>]]></con:request><con:wsaConfig mustUnderstand="NONE" version="200508" action="http://servicecrm.example.com/ConsultaWS/cancelarConsulta"/></con:call></con:operation></con:interface><con:properties/><con:wssContainer/><con:oAuth2ProfileContainer/><con:oAuth1ProfileContainer/></con:soapui-project>