<?xml version="1.0" encoding="UTF-8"?>
<con:soapui-project id="de4c09b3-f096-4324-a8b7-d7386f24e046" activeEnvironment="Default" name="Medico" resourceRoot="" soapui-version="5.8.0" xmlns:con="http://eviware.com/soapui/config"><con:settings/><con:interface xsi:type="con:WsdlInterface" id="9a03a27b-ad2f-4f17-b0d7-361dc2efc1dd" wsaVersion="NONE" name="MedicoWSImpServiceSoapBinding" type="wsdl" bindingName="{http://servicecrm.example.com/}MedicoWSImpServiceSoapBinding" soapVersion="1_1" anonymous="optional" definition="http://localhost:8080/ServiceCRM-1.0-SNAPSHOT/MedicoWSImp?wsdl" xmlns:xsi="http://www.w3.org/2001/XMLSchema-instance"><con:settings/><con:definitionCache type="TEXT" rootPart="http://localhost:8080/ServiceCRM-1.0-SNAPSHOT/MedicoWSImp?wsdl"><con:part><con:url>http://localhost:8080/ServiceCRM-1.0-SNAPSHOT/MedicoWSImp?wsdl</con:url><con:content><![CDATA[<wsdl:definitions name="MedicoWSImpService" targetNamespace="http://servicecrm.example.com/" xmlns:xsd="http://www.w3.org/2001/XMLSchema" xmlns:wsdl="http://schemas.xmlsoap.org/wsdl/" xmlns:tns="http://servicecrm.example.com/" xmlns:soap="http://schemas.xmlsoap.org/wsdl/soap/" xmlns:ns3="http://schemas.xmlsoap.org/soap/http" xmlns:ns1="http://interfaces.servicecrm.example.com/">
  <wsdl:import location="http://localhost:8080/ServiceCRM-1.0-SNAPSHOT/MedicoWSImp?wsdl=MedicoWS.wsdl" namespace="http://interfaces.servicecrm.example.com/"></wsdl:import>
  <wsdl:binding name="MedicoWSImpServiceSoapBinding" type="ns1:MedicoWS">
    <soap:binding style="document" transport="http://schemas.xmlsoap.org/soap/http"/>
    <wsdl:operation name="editar">
      <soap:operation soapAction="" style="document"/>
      <wsdl:input name="editar">
        <soap:body use="literal"/>
      </wsdl:input>
      <wsdl:output name="editarResponse">
        <soap:body use="literal"/>
      </wsdl:output>
      <wsdl:fault name="BusinessException">
        <soap:fault name="BusinessException" use="literal"/>
      </wsdl:fault>
    </wsdl:operation>
    <wsdl:operation name="buscarTodos">
      <soap:operation soapAction="" style="document"/>
      <wsdl:input name="buscarTodos">
        <soap:body use="literal"/>
      </wsdl:input>
      <wsdl:output name="buscarTodosResponse">
        <soap:body use="literal"/>
      </wsdl:output>
      <wsdl:fault name="BusinessException">
        <soap:fault name="BusinessException" use="literal"/>
      </wsdl:fault>
    </wsdl:operation>
    <wsdl:operation name="buscarPorNome">
      <soap:operation soapAction="" style="document"/>
      <wsdl:input name="buscarPorNome">
        <soap:body use="literal"/>
      </wsdl:input>
      <wsdl:output name="buscarPorNomeResponse">
        <soap:body use="literal"/>
      </wsdl:output>
      <wsdl:fault name="BusinessException">
        <soap:fault name="BusinessException" use="literal"/>
      </wsdl:fault>
    </wsdl:operation>
    <wsdl:operation name="inserir">
      <soap:operation soapAction="" style="document"/>
      <wsdl:input name="inserir">
        <soap:body use="literal"/>
      </wsdl:input>
      <wsdl:output name="inserirResponse">
        <soap:body use="literal"/>
      </wsdl:output>
      <wsdl:fault name="BusinessException">
        <soap:fault name="BusinessException" use="literal"/>
      </wsdl:fault>
    </wsdl:operation>
    <wsdl:operation name="excluir">
      <soap:operation soapAction="" style="document"/>
      <wsdl:input name="excluir">
        <soap:body use="literal"/>
      </wsdl:input>
      <wsdl:output name="excluirResponse">
        <soap:body use="literal"/>
      </wsdl:output>
      <wsdl:fault name="BusinessException">
        <soap:fault name="BusinessException" use="literal"/>
      </wsdl:fault>
    </wsdl:operation>
  </wsdl:binding>
  <wsdl:service name="MedicoWSImpService">
    <wsdl:port binding="tns:MedicoWSImpServiceSoapBinding" name="MedicoWSImpPort">
      <soap:address location="http://localhost:8080/ServiceCRM-1.0-SNAPSHOT/MedicoWSImp"/>
    </wsdl:port>
  </wsdl:service>
</wsdl:definitions>]]></con:content><con:type>http://schemas.xmlsoap.org/wsdl/</con:type></con:part><con:part><con:url>http://localhost:8080/ServiceCRM-1.0-SNAPSHOT/MedicoWSImp?wsdl=MedicoWS.wsdl</con:url><con:content><![CDATA[<wsdl:definitions name="MedicoWS" targetNamespace="http://interfaces.servicecrm.example.com/" xmlns:xsd="http://www.w3.org/2001/XMLSchema" xmlns:wsdl="http://schemas.xmlsoap.org/wsdl/" xmlns:ns2="http://interfaces.servicecrm./" xmlns:ns1="http://interfaces.servicecrm.example.com/">
  <wsdl:types>
    <xs:schema elementFormDefault="unqualified" targetNamespace="http://interfaces.servicecrm.example.com/" version="1.0" xmlns:xs="http://www.w3.org/2001/XMLSchema" xmlns:tns="http://interfaces.servicecrm.example.com/">
      <xs:element name="buscarPorNome" type="tns:buscarPorNome"/>
      <xs:element name="buscarPorNomeResponse" type="tns:buscarPorNomeResponse"/>
      <xs:element name="buscarTodos" type="tns:buscarTodos"/>
      <xs:element name="buscarTodosResponse" type="tns:buscarTodosResponse"/>
      <xs:element name="editar" type="tns:editar"/>
      <xs:element name="editarResponse" type="tns:editarResponse"/>
      <xs:element name="excluir" type="tns:excluir"/>
      <xs:element name="excluirResponse" type="tns:excluirResponse"/>
      <xs:element name="inserir" type="tns:inserir"/>
      <xs:element name="inserirResponse" type="tns:inserirResponse"/>
      <xs:complexType name="editar">
        <xs:sequence>
          <xs:element minOccurs="0" name="arg0" type="tns:medico"/>
        </xs:sequence>
      </xs:complexType>
      <xs:complexType name="medico">
        <xs:sequence>
          <xs:element name="ativo" type="xs:boolean"/>
          <xs:element minOccurs="0" name="bairro" type="xs:string"/>
          <xs:element minOccurs="0" name="complemento" type="xs:string"/>
          <xs:element minOccurs="0" name="crm" type="xs:string"/>
          <xs:element minOccurs="0" name="email" type="xs:string"/>
          <xs:element minOccurs="0" name="especialidade" type="xs:string"/>
          <xs:element minOccurs="0" name="id" type="xs:int"/>
          <xs:element minOccurs="0" name="logradouro" type="xs:string"/>
          <xs:element minOccurs="0" name="nome" type="xs:string"/>
          <xs:element minOccurs="0" name="numero" type="xs:string"/>
          <xs:element minOccurs="0" name="telefone" type="xs:string"/>
        </xs:sequence>
      </xs:complexType>
      <xs:complexType name="editarResponse">
        <xs:sequence>
          <xs:element minOccurs="0" name="return" type="tns:medico"/>
        </xs:sequence>
      </xs:complexType>
      <xs:complexType name="buscarTodos">
        <xs:sequence/>
      </xs:complexType>
      <xs:complexType name="buscarTodosResponse">
        <xs:sequence>
          <xs:element maxOccurs="unbounded" minOccurs="0" name="return" type="tns:medico"/>
        </xs:sequence>
      </xs:complexType>
      <xs:complexType name="buscarPorNome">
        <xs:sequence>
          <xs:element minOccurs="0" name="nome" type="xs:string"/>
        </xs:sequence>
      </xs:complexType>
      <xs:complexType name="buscarPorNomeResponse">
        <xs:sequence>
          <xs:element maxOccurs="unbounded" minOccurs="0" name="return" type="tns:medico"/>
        </xs:sequence>
      </xs:complexType>
      <xs:complexType name="inserir">
        <xs:sequence>
          <xs:element minOccurs="0" name="arg0" type="tns:medicoInsertRequestDTO"/>
        </xs:sequence>
      </xs:complexType>
      <xs:complexType name="medicoInsertRequestDTO">
        <xs:sequence>
          <xs:element minOccurs="0" name="bairro" type="xs:string"/>
          <xs:element minOccurs="0" name="complemento" type="xs:string"/>
          <xs:element minOccurs="0" name="crm" type="xs:string"/>
          <xs:element minOccurs="0" name="email" type="xs:string"/>
          <xs:element minOccurs="0" name="especialidade" type="xs:string"/>
          <xs:element minOccurs="0" name="logradouro" type="xs:string"/>
          <xs:element minOccurs="0" name="nome" type="xs:string"/>
          <xs:element minOccurs="0" name="numero" type="xs:string"/>
          <xs:element minOccurs="0" name="telefone" type="xs:string"/>
        </xs:sequence>
      </xs:complexType>
      <xs:complexType name="inserirResponse">
        <xs:sequence>
          <xs:element minOccurs="0" name="return" type="tns:medico"/>
        </xs:sequence>
      </xs:complexType>
      <xs:complexType name="excluir">
        <xs:sequence>
          <xs:element minOccurs="0" name="id" type="xs:int"/>
        </xs:sequence>
      </xs:complexType>
      <xs:complexType name="excluirResponse">
        <xs:sequence/>
      </xs:complexType>
    </xs:schema>
    <xsd:schema attributeFormDefault="unqualified" elementFormDefault="unqualified" targetNamespace="http://interfaces.servicecrm./" xmlns:tns="http://interfaces.servicecrm./">
      <xsd:element name="BusinessFault" nillable="true" type="xsd:string"/>
    </xsd:schema>
  </wsdl:types>
  <wsdl:message name="editar">
    <wsdl:part element="ns1:editar" name="parameters"></wsdl:part>
  </wsdl:message>
  <wsdl:message name="editarResponse">
    <wsdl:part element="ns1:editarResponse" name="parameters"></wsdl:part>
  </wsdl:message>
  <wsdl:message name="excluirResponse">
    <wsdl:part element="ns1:excluirResponse" name="parameters"></wsdl:part>
  </wsdl:message>
  <wsdl:message name="buscarPorNome">
    <wsdl:part element="ns1:buscarPorNome" name="parameters"></wsdl:part>
  </wsdl:message>
  <wsdl:message name="inserir">
    <wsdl:part element="ns1:inserir" name="parameters"></wsdl:part>
  </wsdl:message>
  <wsdl:message name="BusinessException">
    <wsdl:part element="ns2:BusinessFault" name="BusinessException"></wsdl:part>
  </wsdl:message>
  <wsdl:message name="excluir">
    <wsdl:part element="ns1:excluir" name="parameters"></wsdl:part>
  </wsdl:message>
  <wsdl:message name="buscarTodosResponse">
    <wsdl:part element="ns1:buscarTodosResponse" name="parameters"></wsdl:part>
  </wsdl:message>
  <wsdl:message name="buscarTodos">
    <wsdl:part element="ns1:buscarTodos" name="parameters"></wsdl:part>
  </wsdl:message>
  <wsdl:message name="buscarPorNomeResponse">
    <wsdl:part element="ns1:buscarPorNomeResponse" name="parameters"></wsdl:part>
  </wsdl:message>
  <wsdl:message name="inserirResponse">
    <wsdl:part element="ns1:inserirResponse" name="parameters"></wsdl:part>
  </wsdl:message>
  <wsdl:portType name="MedicoWS">
    <wsdl:operation name="editar">
      <wsdl:input message="ns1:editar" name="editar"></wsdl:input>
      <wsdl:output message="ns1:editarResponse" name="editarResponse"></wsdl:output>
      <wsdl:fault message="ns1:BusinessException" name="BusinessException"></wsdl:fault>
    </wsdl:operation>
    <wsdl:operation name="buscarTodos">
      <wsdl:input message="ns1:buscarTodos" name="buscarTodos"></wsdl:input>
      <wsdl:output message="ns1:buscarTodosResponse" name="buscarTodosResponse"></wsdl:output>
      <wsdl:fault message="ns1:BusinessException" name="BusinessException"></wsdl:fault>
    </wsdl:operation>
    <wsdl:operation name="buscarPorNome">
      <wsdl:input message="ns1:buscarPorNome" name="buscarPorNome"></wsdl:input>
      <wsdl:output message="ns1:buscarPorNomeResponse" name="buscarPorNomeResponse"></wsdl:output>
      <wsdl:fault message="ns1:BusinessException" name="BusinessException"></wsdl:fault>
    </wsdl:operation>
    <wsdl:operation name="inserir">
      <wsdl:input message="ns1:inserir" name="inserir"></wsdl:input>
      <wsdl:output message="ns1:inserirResponse" name="inserirResponse"></wsdl:output>
      <wsdl:fault message="ns1:BusinessException" name="BusinessException"></wsdl:fault>
    </wsdl:operation>
    <wsdl:operation name="excluir">
      <wsdl:input message="ns1:excluir" name="excluir"></wsdl:input>
      <wsdl:output message="ns1:excluirResponse" name="excluirResponse"></wsdl:output>
      <wsdl:fault message="ns1:BusinessException" name="BusinessException"></wsdl:fault>
    </wsdl:operation>
  </wsdl:portType>
</wsdl:definitions>]]></con:content><con:type>http://schemas.xmlsoap.org/wsdl/</con:type></con:part></con:definitionCache><con:endpoints><con:endpoint>http://localhost:8080/ServiceCRM-1.0-SNAPSHOT/MedicoWSImp</con:endpoint></con:endpoints><con:operation id="0552f24b-5b56-4b3e-bde8-aca825935697" isOneWay="false" action="" name="buscarPorNome" bindingOperationName="buscarPorNome" type="Request-Response" outputName="buscarPorNomeResponse" inputName="buscarPorNome" receivesAttachments="false" sendsAttachments="false" anonymous="optional"><con:settings/><con:call id="1148780b-2b13-469d-b13c-4c2c5f8b73cd" name="Request 1"><con:settings/><con:encoding>UTF-8</con:encoding><con:endpoint>http://localhost:8080/ServiceCRM-1.0-SNAPSHOT/MedicoWSImp</con:endpoint><con:request><![CDATA[<soapenv:Envelope xmlns:soapenv="http://schemas.xmlsoap.org/soap/envelope/" xmlns:int="http://interfaces.servicecrm.example.com/">\r
   <soapenv:Header/>\r
   <soapenv:Body>\r
      <int:buscarPorNome>\r
         <!--Optional:-->\r
         <nome>?</nome>\r
      </int:buscarPorNome>\r
   </soapenv:Body>\r
</soapenv:Envelope>]]></con:request><con:wsaConfig mustUnderstand="NONE" version="200508" action="http://servicecrm.example.com/MedicoWS/buscarPorNome"/></con:call></con:operation><con:operation id="a0590698-24c3-40ec-a372-6fa3db63d35c" isOneWay="false" action="" name="buscarTodos" bindingOperationName="buscarTodos" type="Request-Response" outputName="buscarTodosResponse" inputName="buscarTodos" receivesAttachments="false" sendsAttachments="false" anonymous="optional"><con:settings/><con:call id="40cc5c24-0f3d-4b3a-970e-db72892ba4e5" name="Request 1"><con:settings/><con:encoding>UTF-8</con:encoding><con:endpoint>http://localhost:8080/ServiceCRM-1.0-SNAPSHOT/MedicoWSImp</con:endpoint><con:request><![CDATA[<soapenv:Envelope xmlns:soapenv="http://schemas.xmlsoap.org/soap/envelope/" xmlns:int="http://interfaces.servicecrm.example.com/">\r
   <soapenv:Header/>\r
   <soapenv:Body>\r
      <int:buscarTodos/>\r
   </soapenv:Body>\r
</soapenv:Envelope>]]></con:request><con:wsaConfig mustUnderstand="NONE" version="200508" action="http://servicecrm.example.com/MedicoWS/buscarTodos"/></con:call></con:operation><con:operation id="ef534518-bedb-4a0e-9c29-8f0dab78232b" isOneWay="false" action="" name="editar" bindingOperationName="editar" type="Request-Response" outputName="editarResponse" inputName="editar" receivesAttachments="false" sendsAttachments="false" anonymous="optional"><con:settings/><con:call id="01857b83-26aa-44d5-876b-a12de817e5b6" name="Request 1"><con:settings/><con:encoding>UTF-8</con:encoding><con:endpoint>http://localhost:8080/ServiceCRM-1.0-SNAPSHOT/MedicoWSImp</con:endpoint><con:request><![CDATA[<soapenv:Envelope xmlns:soapenv="http://schemas.xmlsoap.org/soap/envelope/" xmlns:int="http://interfaces.servicecrm.example.com/">\r
   <soapenv:Header/>\r
   <soapenv:Body>\r
      <int:editar>\r
         <!--Optional:-->\r
         <arg0>\r
            <ativo>?</ativo>\r
            <!--Optional:-->\r
            <bairro>?</bairro>\r
            <!--Optional:-->\r
            <complemento>?</complemento>\r
            <!--Optional:-->\r
            <crm>?</crm>\r
            <!--Optional:-->\r
            <email>?</email>\r
            <!--Optional:-->\r
            <especialidade>?</especialidade>\r
            <!--Optional:-->\r
            <id>?</id>\r
            <!--Optional:-->\r
            <logradouro>?</logradouro>\r
            <!--Optional:-->\r
            <nome>?</nome>\r
            <!--Optional:-->\r
            <numero>?</numero>\r
            <!--Optional:-->\r
            <telefone>?</telefone>\r
         </arg0>\r
      </int:editar>\r
   </soapenv:Body>\r
</soapenv:Envelope>]]></con:request><con:wsaConfig mustUnderstand="NONE" version="200508" action="http://servicecrm.example.com/MedicoWS/editar"/></con:call></con:operation><con:operation id="67f41c29-b1cd-49c3-bfbc-e9e56898d439" isOneWay="false" action="" name="excluir" bindingOperationName="excluir" type="Request-Response" outputName="excluirResponse" inputName="excluir" receivesAttachments="false" sendsAttachments="false" anonymous="optional"><con:settings/><con:call id="6b2cf5e3-42c8-4d35-9240-190748ef8318" name="Request 1"><con:settings/><con:encoding>UTF-8</con:encoding><con:endpoint>http://localhost:8080/ServiceCRM-1.0-SNAPSHOT/MedicoWSImp</con:endpoint><con:request><![CDATA[<soapenv:Envelope xmlns:soapenv="http://schemas.xmlsoap.org/soap/envelope/" xmlns:int="http://interfaces.servicecrm.example.com/">\r
   <soapenv:Header/>\r
   <soapenv:Body>\r
      <int:excluir>\r
         <!--Optional:-->\r
         <id>?</id>\r
      </int:excluir>\r
   </soapenv:Body>\r
</soapenv:Envelope>]]></con:request><con:wsaConfig mustUnderstand="NONE" version="200508" action="http://servicecrm.example.com/MedicoWS/excluir"/></con:call></con:operation><con:operation id="ae4d61a9-8a74-4707-8923-ca882fbb2379" isOneWay="false" action="" name="inserir" bindingOperationName="inserir" type="Request-Response" outputName="inserirResponse" inputName="inserir" receivesAttachments="false" sendsAttachments="false" anonymous="optional"><con:settings/><con:call id="2be47543-aa35-474e-b497-750febc329e3" name="Request 1"><con:settings/><con:encoding>UTF-8</con:encoding><con:endpoint>http://localhost:8080/ServiceCRM-1.0-SNAPSHOT/MedicoWSImp</con:endpoint><con:request><![CDATA[<soapenv:Envelope xmlns:soapenv="http://schemas.xmlsoap.org/soap/envelope/" xmlns:int="http://interfaces.servicecrm.example.com/">\r
   <soapenv:Header/>\r
   <soapenv:Body>\r
      <int:inserir>\r
         <!--Optional:-->\r
         <arg0>\r
            <!--Optional:-->\r
            <bairro>?</bairro>\r
            <!--Optional:-->\r
            <complemento>?</complemento>\r
            <!--Optional:-->\r
            <crm>?</crm>\r
            <!--Optional:-->\r
            <email>?</email>\r
            <!--Optional:-->\r
            <especialidade>?</especialidade>\r
            <!--Optional:-->\r
            <logradouro>?</logradouro>\r
            <!--Optional:-->\r
            <nome>?</nome>\r
            <!--Optional:-->\r
            <numero>?</numero>\r
            <!--Optional:-->\r
            <telefone>?</telefone>\r
         </arg0>\r
      </int:inserir>\r
   </soapenv:Body>\r
</soapenv:Envelope>]]></con:request><con:wsaConfig mustUnderstand="NONE" version="200508" action="http://servicecrm.example.com/MedicoWS/inserir"/></con:call></con:operation></con:interface><con:properties/><con:wssContainer/><con:oAuth2ProfileContainer/><con:oAuth1ProfileContainer/></con:soapui-project>