<?xml version="1.0" encoding="UTF-8"?>
<con:soapui-project id="b1ff2b40-3846-46f8-a561-05fc70a9cbce" activeEnvironment="Default" name="Paciente" resourceRoot="" soapui-version="5.8.0" xmlns:con="http://eviware.com/soapui/config"><con:settings/><con:interface xsi:type="con:WsdlInterface" id="e35322c1-3026-4fc7-9561-65d9e878a384" wsaVersion="NONE" name="PacienteWSImplServiceSoapBinding" type="wsdl" bindingName="{http://servicecrm.example.com/}PacienteWSImplServiceSoapBinding" soapVersion="1_1" anonymous="optional" definition="http://localhost:8080/ServiceCRM-1.0-SNAPSHOT/PacienteWSImpl?wsdl" xmlns:xsi="http://www.w3.org/2001/XMLSchema-instance"><con:settings/><con:definitionCache type="TEXT" rootPart="http://localhost:8080/ServiceCRM-1.0-SNAPSHOT/PacienteWSImpl?wsdl"><con:part><con:url>http://localhost:8080/ServiceCRM-1.0-SNAPSHOT/PacienteWSImpl?wsdl</con:url><con:content><![CDATA[<wsdl:definitions name="PacienteWSImplService" targetNamespace="http://servicecrm.example.com/" xmlns:xsd="http://www.w3.org/2001/XMLSchema" xmlns:wsdl="http://schemas.xmlsoap.org/wsdl/" xmlns:tns="http://servicecrm.example.com/" xmlns:soap="http://schemas.xmlsoap.org/wsdl/soap/" xmlns:ns3="http://schemas.xmlsoap.org/soap/http" xmlns:ns1="http://interfaces.servicecrm.example.com/">
  <wsdl:import location="http://localhost:8080/ServiceCRM-1.0-SNAPSHOT/PacienteWSImpl?wsdl=PacienteWS.wsdl" namespace="http://interfaces.servicecrm.example.com/"></wsdl:import>
  <wsdl:binding name="PacienteWSImplServiceSoapBinding" type="ns1:PacienteWS">
    <soap:binding style="document" transport="http://schemas.xmlsoap.org/soap/http"/>
    <wsdl:operation name="inativar">
      <soap:operation soapAction="" style="document"/>
      <wsdl:input name="inativar">
        <soap:body use="literal"/>
      </wsdl:input>
      <wsdl:output name="inativarResponse">
        <soap:body use="literal"/>
      </wsdl:output>
      <wsdl:fault name="BusinessException">
        <soap:fault name="BusinessException" use="literal"/>
      </wsdl:fault>
    </wsdl:operation>
    <wsdl:operation name="editar">
      <soap:operation soapAction="" style="document"/>
      <wsdl:input name="editar">
        <soap:body use="literal"/>
      </wsdl:input>
      <wsdl:output name="editarResponse">
        <soap:body use="literal"/>
      </wsdl:output>
      <wsdl:fault name="BusinessException">
        <soap:fault name="BusinessException" use="literal"/>
      </wsdl:fault>
    </wsdl:operation>
    <wsdl:operation name="listarTodos">
      <soap:operation soapAction="" style="document"/>
      <wsdl:input name="listarTodos">
        <soap:body use="literal"/>
      </wsdl:input>
      <wsdl:output name="listarTodosResponse">
        <soap:body use="literal"/>
      </wsdl:output>
      <wsdl:fault name="Exception">
        <soap:fault name="Exception" use="literal"/>
      </wsdl:fault>
    </wsdl:operation>
    <wsdl:operation name="inserir">
      <soap:operation soapAction="" style="document"/>
      <wsdl:input name="inserir">
        <soap:body use="literal"/>
      </wsdl:input>
      <wsdl:output name="inserirResponse">
        <soap:body use="literal"/>
      </wsdl:output>
      <wsdl:fault name="BusinessException">
        <soap:fault name="BusinessException" use="literal"/>
      </wsdl:fault>
    </wsdl:operation>
  </wsdl:binding>
  <wsdl:service name="PacienteWSImplService">
    <wsdl:port binding="tns:PacienteWSImplServiceSoapBinding" name="PacienteWSImplPort">
      <soap:address location="http://localhost:8080/ServiceCRM-1.0-SNAPSHOT/PacienteWSImpl"/>
    </wsdl:port>
  </wsdl:service>
</wsdl:definitions>]]></con:content><con:type>http://schemas.xmlsoap.org/wsdl/</con:type></con:part><con:part><con:url>http://localhost:8080/ServiceCRM-1.0-SNAPSHOT/PacienteWSImpl?wsdl=PacienteWS.wsdl</con:url><con:content><![CDATA[<wsdl:definitions name="PacienteWS" targetNamespace="http://interfaces.servicecrm.example.com/" xmlns:xsd="http://www.w3.org/2001/XMLSchema" xmlns:wsdl="http://schemas.xmlsoap.org/wsdl/" xmlns:ns2="http://interfaces.servicecrm./" xmlns:ns1="http://interfaces.servicecrm.example.com/">
  <wsdl:types>
    <xs:schema attributeFormDefault="unqualified" elementFormDefault="unqualified" targetNamespace="http://interfaces.servicecrm.example.com/" version="1.0" xmlns:xs="http://www.w3.org/2001/XMLSchema" xmlns:tns="http://interfaces.servicecrm.example.com/">
      <xs:element name="editar" type="tns:editar"/>
      <xs:element name="editarResponse" type="tns:editarResponse"/>
      <xs:element name="inativar" type="tns:inativar"/>
      <xs:element name="inativarResponse" type="tns:inativarResponse"/>
      <xs:element name="inserir" type="tns:inserir"/>
      <xs:element name="inserirResponse" type="tns:inserirResponse"/>
      <xs:element name="listarTodos" type="tns:listarTodos"/>
      <xs:element name="listarTodosResponse" type="tns:listarTodosResponse"/>
      <xs:complexType name="inativar">
        <xs:sequence>
          <xs:element minOccurs="0" name="cpf" type="xs:string"/>
        </xs:sequence>
      </xs:complexType>
      <xs:complexType name="inativarResponse">
        <xs:sequence/>
      </xs:complexType>
      <xs:complexType name="editar">
        <xs:sequence>
          <xs:element minOccurs="0" name="arg0" type="tns:paciente"/>
        </xs:sequence>
      </xs:complexType>
      <xs:complexType name="paciente">
        <xs:sequence>
          <xs:element minOccurs="0" name="ativo" type="xs:boolean"/>
          <xs:element minOccurs="0" name="cpf" type="xs:string"/>
          <xs:element minOccurs="0" name="email" type="xs:string"/>
          <xs:element minOccurs="0" name="endereco" type="xs:string"/>
          <xs:element minOccurs="0" name="id" type="xs:int"/>
          <xs:element minOccurs="0" name="nome" type="xs:string"/>
          <xs:element minOccurs="0" name="telefone" type="xs:string"/>
        </xs:sequence>
      </xs:complexType>
      <xs:complexType name="editarResponse">
        <xs:sequence/>
      </xs:complexType>
      <xs:complexType name="listarTodos">
        <xs:sequence/>
      </xs:complexType>
      <xs:complexType name="listarTodosResponse">
        <xs:sequence>
          <xs:element maxOccurs="unbounded" minOccurs="0" name="return" type="tns:paciente"/>
        </xs:sequence>
      </xs:complexType>
      <xs:complexType name="inserir">
        <xs:sequence>
          <xs:element minOccurs="0" name="arg0" type="tns:pacienteInsertRequestDTO"/>
        </xs:sequence>
      </xs:complexType>
      <xs:complexType name="pacienteInsertRequestDTO">
        <xs:sequence>
          <xs:element minOccurs="0" name="nome" type="xs:string"/>
          <xs:element minOccurs="0" name="email" type="xs:string"/>
          <xs:element minOccurs="0" name="cpf" type="xs:string"/>
          <xs:element minOccurs="0" name="telefone" type="xs:string"/>
          <xs:element minOccurs="0" name="endereco" type="xs:string"/>
        </xs:sequence>
      </xs:complexType>
      <xs:complexType name="inserirResponse">
        <xs:sequence/>
      </xs:complexType>
      <xs:element name="Exception" type="tns:Exception"/>
      <xs:complexType name="Exception">
        <xs:sequence>
          <xs:element minOccurs="0" name="message" type="xs:string"/>
        </xs:sequence>
      </xs:complexType>
    </xs:schema>
    <xsd:schema attributeFormDefault="unqualified" elementFormDefault="unqualified" targetNamespace="http://interfaces.servicecrm./" xmlns:tns="http://interfaces.servicecrm./">
      <xsd:element name="BusinessFault" nillable="true" type="xsd:string"/>
    </xsd:schema>
  </wsdl:types>
  <wsdl:message name="inativar">
    <wsdl:part element="ns1:inativar" name="parameters"></wsdl:part>
  </wsdl:message>
  <wsdl:message name="editar">
    <wsdl:part element="ns1:editar" name="parameters"></wsdl:part>
  </wsdl:message>
  <wsdl:message name="editarResponse">
    <wsdl:part element="ns1:editarResponse" name="parameters"></wsdl:part>
  </wsdl:message>
  <wsdl:message name="listarTodos">
    <wsdl:part element="ns1:listarTodos" name="parameters"></wsdl:part>
  </wsdl:message>
  <wsdl:message name="inserir">
    <wsdl:part element="ns1:inserir" name="parameters"></wsdl:part>
  </wsdl:message>
  <wsdl:message name="BusinessException">
    <wsdl:part element="ns2:BusinessFault" name="BusinessException"></wsdl:part>
  </wsdl:message>
  <wsdl:message name="inativarResponse">
    <wsdl:part element="ns1:inativarResponse" name="parameters"></wsdl:part>
  </wsdl:message>
  <wsdl:message name="Exception">
    <wsdl:part element="ns1:Exception" name="Exception"></wsdl:part>
  </wsdl:message>
  <wsdl:message name="listarTodosResponse">
    <wsdl:part element="ns1:listarTodosResponse" name="parameters"></wsdl:part>
  </wsdl:message>
  <wsdl:message name="inserirResponse">
    <wsdl:part element="ns1:inserirResponse" name="parameters"></wsdl:part>
  </wsdl:message>
  <wsdl:portType name="PacienteWS">
    <wsdl:operation name="inativar">
      <wsdl:input message="ns1:inativar" name="inativar"></wsdl:input>
      <wsdl:output message="ns1:inativarResponse" name="inativarResponse"></wsdl:output>
      <wsdl:fault message="ns1:BusinessException" name="BusinessException"></wsdl:fault>
    </wsdl:operation>
    <wsdl:operation name="editar">
      <wsdl:input message="ns1:editar" name="editar"></wsdl:input>
      <wsdl:output message="ns1:editarResponse" name="editarResponse"></wsdl:output>
      <wsdl:fault message="ns1:BusinessException" name="BusinessException"></wsdl:fault>
    </wsdl:operation>
    <wsdl:operation name="listarTodos">
      <wsdl:input message="ns1:listarTodos" name="listarTodos"></wsdl:input>
      <wsdl:output message="ns1:listarTodosResponse" name="listarTodosResponse"></wsdl:output>
      <wsdl:fault message="ns1:Exception" name="Exception"></wsdl:fault>
    </wsdl:operation>
    <wsdl:operation name="inserir">
      <wsdl:input message="ns1:inserir" name="inserir"></wsdl:input>
      <wsdl:output message="ns1:inserirResponse" name="inserirResponse"></wsdl:output>
      <wsdl:fault message="ns1:BusinessException" name="BusinessException"></wsdl:fault>
    </wsdl:operation>
  </wsdl:portType>
</wsdl:definitions>]]></con:content><con:type>http://schemas.xmlsoap.org/wsdl/</con:type></con:part></con:definitionCache><con:endpoints><con:endpoint>http://localhost:8080/ServiceCRM-1.0-SNAPSHOT/PacienteWSImpl</con:endpoint></con:endpoints><con:operation id="16c3b86f-1cb8-43dc-957b-bb0556361476" isOneWay="false" action="" name="editar" bindingOperationName="editar" type="Request-Response" outputName="editarResponse" inputName="editar" receivesAttachments="false" sendsAttachments="false" anonymous="optional"><con:settings/><con:call id="3f687f99-65b1-4c81-bd23-3e8a0e2becc1" name="Request 1"><con:settings/><con:encoding>UTF-8</con:encoding><con:endpoint>http://localhost:8080/ServiceCRM-1.0-SNAPSHOT/PacienteWSImpl</con:endpoint><con:request><![CDATA[<soapenv:Envelope xmlns:soapenv="http://schemas.xmlsoap.org/soap/envelope/" xmlns:int="http://interfaces.servicecrm.example.com/">\r
   <soapenv:Header/>\r
   <soapenv:Body>\r
      <int:editar>\r
         <!--Optional:-->\r
         <arg0>\r
            <!--Optional:-->\r
            <ativo>?</ativo>\r
            <!--Optional:-->\r
            <cpf>?</cpf>\r
            <!--Optional:-->\r
            <email>?</email>\r
            <!--Optional:-->\r
            <endereco>?</endereco>\r
            <!--Optional:-->\r
            <id>?</id>\r
            <!--Optional:-->\r
            <nome>?</nome>\r
            <!--Optional:-->\r
            <telefone>?</telefone>\r
         </arg0>\r
      </int:editar>\r
   </soapenv:Body>\r
</soapenv:Envelope>]]></con:request><con:wsaConfig mustUnderstand="NONE" version="200508" action="http://servicecrm.example.com/PacienteWS/editar"/></con:call></con:operation><con:operation id="326cc8e2-9ee7-4229-b137-b8cd71604bb3" isOneWay="false" action="" name="inativar" bindingOperationName="inativar" type="Request-Response" outputName="inativarResponse" inputName="inativar" receivesAttachments="false" sendsAttachments="false" anonymous="optional"><con:settings/><con:call id="543a6771-73ea-4044-85c7-de51815fb043" name="Request 1"><con:settings/><con:encoding>UTF-8</con:encoding><con:endpoint>http://localhost:8080/ServiceCRM-1.0-SNAPSHOT/PacienteWSImpl</con:endpoint><con:request><![CDATA[<soapenv:Envelope xmlns:soapenv="http://schemas.xmlsoap.org/soap/envelope/" xmlns:int="http://interfaces.servicecrm.example.com/">\r
   <soapenv:Header/>\r
   <soapenv:Body>\r
      <int:inativar>\r
         <!--Optional:-->\r
         <cpf>?</cpf>\r
      </int:inativar>\r
   </soapenv:Body>\r
</soapenv:Envelope>]]></con:request><con:wsaConfig mustUnderstand="NONE" version="200508" action="http://servicecrm.example.com/PacienteWS/inativar"/></con:call></con:operation><con:operation id="e001f11f-f426-421f-849d-364aa3b52b63" isOneWay="false" action="" name="inserir" bindingOperationName="inserir" type="Request-Response" outputName="inserirResponse" inputName="inserir" receivesAttachments="false" sendsAttachments="false" anonymous="optional"><con:settings/><con:call id="71a1390b-8f06-4855-b128-cecbae964437" name="Request 1"><con:settings/><con:encoding>UTF-8</con:encoding><con:endpoint>http://localhost:8080/ServiceCRM-1.0-SNAPSHOT/PacienteWSImpl</con:endpoint><con:request><![CDATA[<soapenv:Envelope xmlns:soapenv="http://schemas.xmlsoap.org/soap/envelope/" xmlns:int="http://interfaces.servicecrm.example.com/">\r
   <soapenv:Header/>\r
   <soapenv:Body>\r
      <int:inserir>\r
         <!--Optional:-->\r
         <arg0>\r
            <!--Optional:-->\r
            <nome>?</nome>\r
            <!--Optional:-->\r
            <email>?</email>\r
            <!--Optional:-->\r
            <cpf>?</cpf>\r
            <!--Optional:-->\r
            <telefone>?</telefone>\r
            <!--Optional:-->\r
            <endereco>?</endereco>\r
         </arg0>\r
      </int:inserir>\r
   </soapenv:Body>\r
</soapenv:Envelope>]]></con:request><con:wsaConfig mustUnderstand="NONE" version="200508" action="http://servicecrm.example.com/PacienteWS/inserir"/></con:call></con:operation><con:operation id="fcc0d2ee-d7e2-4b2e-a329-859a5bf6cecb" isOneWay="false" action="" name="listarTodos" bindingOperationName="listarTodos" type="Request-Response" outputName="listarTodosResponse" inputName="listarTodos" receivesAttachments="false" sendsAttachments="false" anonymous="optional"><con:settings/><con:call id="0e16d6b5-bbd0-46af-9586-c9a116251bb5" name="Request 1"><con:settings/><con:encoding>UTF-8</con:encoding><con:endpoint>http://localhost:8080/ServiceCRM-1.0-SNAPSHOT/PacienteWSImpl</con:endpoint><con:request><![CDATA[<soapenv:Envelope xmlns:soapenv="http://schemas.xmlsoap.org/soap/envelope/" xmlns:int="http://interfaces.servicecrm.example.com/">\r
   <soapenv:Header/>\r
   <soapenv:Body>\r
      <int:listarTodos/>\r
   </soapenv:Body>\r
</soapenv:Envelope>]]></con:request><con:wsaConfig mustUnderstand="NONE" version="200508" action="http://servicecrm.example.com/PacienteWS/listarTodos"/></con:call></con:operation></con:interface><con:properties/><con:wssContainer/><con:oAuth2ProfileContainer/><con:oAuth1ProfileContainer/></con:soapui-project>